Variant,CAGR,AnnualVol,Sharpe,Sortino,MaxDrawdown,Calmar,MonthsRiskOffOrGate,AnnualTurnover
V2,0.2650918861575662,0.10064153038793625,1.710616908718082,2.6875624746983675,-0.09376335143912917,2.827244142714575,3,2.5242652215492507
