Variant,CAGR,AnnualVol,Sharpe,Sortino,MaxDrawdown,Calmar,MonthsRiskOffOrGate,AnnualTurnover
V3,0.172298290001482,0.08661135985987654,1.122843484632401,1.5339104585605332,-0.10564286132112966,1.6309506184022733,43,19.923997449792793
