Variant,CAGR,AnnualVol,Sharpe,Sortino,MaxDrawdown,Calmar,MonthsRiskOffOrGate,AnnualTurnover
V1,0.2673376462913142,0.10081205854668052,1.7248910413488054,2.7137349837132443,-0.08995618709108688,2.971865026033354,3,2.300714058017214
