Variant,CAGR,AnnualVol,Sharpe,Sortino,MaxDrawdown,Calmar,MonthsRiskOffOrGate,AnnualTurnover
V5,0.14829080745076406,0.08364020190860307,0.920776769653425,1.1722124688038185,-0.125733834903467,1.1794025654639049,49,22.252655403251513
