Variant,CAGR,AnnualVol,Sharpe,Sortino,MaxDrawdown,Calmar,MonthsRiskOffOrGate,AnnualTurnover
V0,0.2772966310733238,0.1009026296336681,1.7983878635627277,2.833273980098602,-0.07995253707412453,3.4682655638086914,3,1.9747019445329932
