Variant,CAGR,AnnualVol,Sharpe,Sortino,MaxDrawdown,Calmar,MonthsRiskOffOrGate,AnnualTurnover
V4,0.15226369615939728,0.08392783216531563,0.9576542913943045,1.2203119769144093,-0.13244031320133476,1.1496778622678667,50,22.122250557857825
