Variant,CAGR,AnnualVol,Sharpe,Sortino,MaxDrawdown,Calmar,MonthsRiskOffOrGate,AnnualTurnover
V0,0.2772966310733238,0.1009026296336681,1.7983878635627277,2.833273980098602,-0.07995253707412453,3.4682655638086914,3,1.9747019445329932
V1,0.2673376462913142,0.10081205854668052,1.7248910413488054,2.7137349837132443,-0.08995618709108688,2.971865026033354,3,2.300714058017214
V2,0.2650918861575662,0.10064153038793625,1.710616908718082,2.6875624746983675,-0.09376335143912917,2.827244142714575,3,2.5242652215492507
V3,0.172298290001482,0.08661135985987654,1.122843484632401,1.5339104585605332,-0.10564286132112966,1.6309506184022733,43,19.923997449792793
V4,0.15226369615939728,0.08392783216531563,0.9576542913943045,1.2203119769144093,-0.13244031320133476,1.1496778622678667,50,22.122250557857825
V5,0.14829080745076406,0.08364020190860307,0.920776769653425,1.1722124688038185,-0.125733834903467,1.1794025654639049,49,22.252655403251513
